abbr_state,county,fips
"al","autauga",1001
"al","baldwin",1003
"al","barbour",1005
"al","bibb",1007
"al","blount",1009
"al","bullock",1011
"al","butler",1013
"al","calhoun",1015
"al","chambers",1017
"al","cherokee",1019
"al","chilton",1021
"al","choctaw",1023
"al","clarke",1025
"al","clay",1027
"al","cleburne",1029
"al","coffee",1031
"al","colbert",1033
"al","conecuh",1035
"al","coosa",1037
"al","covington",1039
"al","crenshaw",1041
"al","cullman",1043
"al","dale",1045
"al","dallas",1047
"al","dekalb",1049
"al","elmore",1051
"al","escambia",1053
"al","etowah",1055
"al","fayette",1057
"al","franklin",1059
"al","geneva",1061
"al","greene",1063
"al","hale",1065
"al","henry",1067
"al","houston",1069
"al","jackson",1071
"al","jefferson",1073
"al","lamar",1075
"al","lauderdale",1077
"al","lawrence",1079
"al","lee",1081
"al","limestone",1083
"al","lowndes",1085
"al","macon",1087
"al","madison",1089
"al","marengo",1091
"al","marion",1093
"al","marshall",1095
"al","mobile",1097
"al","monroe",1099
"al","montgomery",1101
"al","morgan",1103
"al","perry",1105
"al","pickens",1107
"al","pike",1109
"al","randolph",1111
"al","russell",1113
"al","st. clair",1115
"al","shelby",1117
"al","sumter",1119
"al","talladega",1121
"al","tallapoosa",1123
"al","tuscaloosa",1125
"al","walker",1127
"al","washington",1129
"al","wilcox",1131
"al","winston",1133
"ak","aleutians east borough",2013
"ak","aleutians west census area",2016
"ak","anchorage municipality",2020
"ak","bethel census area",2050
"ak","bristol bay borough",2060
"ak","denali borough",2068
"ak","dillingham census area",2070
"ak","fairbanks north star borough",2090
"ak","haines borough",2100
"ak","hoonah-angoon census area",2105
"ak","juneau city and borough",2110
"ak","kenai peninsula borough",2122
"ak","ketchikan gateway borough",2130
"ak","kodiak island borough",2150
"ak","lake and peninsula borough",2164
"ak","matanuska-susitna borough",2170
"ak","nome census area",2180
"ak","north slope borough",2185
"ak","northwest arctic borough",2188
"ak","petersburg census area",2195
"ak","prince of wales-hyder census area",2198
"ak","sitka city and borough",2220
"ak","skagway municipality",2230
"ak","southeast fairbanks census area",2240
"ak","valdez-cordova census area",2261
"ak","wade hampton census area",2270
"ak","wrangell city and borough",2275
"ak","yakutat city and borough",2282
"ak","yukon-koyukuk census area",2290
"az","apache",4001
"az","cochise",4003
"az","coconino",4005
"az","gila",4007
"az","graham",4009
"az","greenlee",4011
"az","la paz",4012
"az","maricopa",4013
"az","mohave",4015
"az","navajo",4017
"az","pima",4019
"az","pinal",4021
"az","santa cruz",4023
"az","yavapai",4025
"az","yuma",4027
"ar","arkansas",5001
"ar","ashley",5003
"ar","baxter",5005
"ar","benton",5007
"ar","boone",5009
"ar","bradley",5011
"ar","calhoun",5013
"ar","carroll",5015
"ar","chicot",5017
"ar","clark",5019
"ar","clay",5021
"ar","cleburne",5023
"ar","cleveland",5025
"ar","columbia",5027
"ar","conway",5029
"ar","craighead",5031
"ar","crawford",5033
"ar","crittenden",5035
"ar","cross",5037
"ar","dallas",5039
"ar","desha",5041
"ar","drew",5043
"ar","faulkner",5045
"ar","franklin",5047
"ar","fulton",5049
"ar","garland",5051
"ar","grant",5053
"ar","greene",5055
"ar","hempstead",5057
"ar","hot spring",5059
"ar","howard",5061
"ar","independence",5063
"ar","izard",5065
"ar","jackson",5067
"ar","jefferson",5069
"ar","johnson",5071
"ar","lafayette",5073
"ar","lawrence",5075
"ar","lee",5077
"ar","lincoln",5079
"ar","little river",5081
"ar","logan",5083
"ar","lonoke",5085
"ar","madison",5087
"ar","marion",5089
"ar","miller",5091
"ar","mississippi",5093
"ar","monroe",5095
"ar","montgomery",5097
"ar","nevada",5099
"ar","newton",5101
"ar","ouachita",5103
"ar","perry",5105
"ar","phillips",5107
"ar","pike",5109
"ar","poinsett",5111
"ar","polk",5113
"ar","pope",5115
"ar","prairie",5117
"ar","pulaski",5119
"ar","randolph",5121
"ar","st. francis",5123
"ar","saline",5125
"ar","scott",5127
"ar","searcy",5129
"ar","sebastian",5131
"ar","sevier",5133
"ar","sharp",5135
"ar","stone",5137
"ar","union",5139
"ar","van buren",5141
"ar","washington",5143
"ar","white",5145
"ar","woodruff",5147
"ar","yell",5149
"ca","alameda",6001
"ca","alpine",6003
"ca","amador",6005
"ca","butte",6007
"ca","calaveras",6009
"ca","colusa",6011
"ca","contra costa",6013
"ca","del norte",6015
"ca","el dorado",6017
"ca","fresno",6019
"ca","glenn",6021
"ca","humboldt",6023
"ca","imperial",6025
"ca","inyo",6027
"ca","kern",6029
"ca","kings",6031
"ca","lake",6033
"ca","lassen",6035
"ca","los angeles",6037
"ca","madera",6039
"ca","marin",6041
"ca","mariposa",6043
"ca","mendocino",6045
"ca","merced",6047
"ca","modoc",6049
"ca","mono",6051
"ca","monterey",6053
"ca","napa",6055
"ca","nevada",6057
"ca","orange",6059
"ca","placer",6061
"ca","plumas",6063
"ca","riverside",6065
"ca","sacramento",6067
"ca","san benito",6069
"ca","san bernardino",6071
"ca","san diego",6073
"ca","san francisco",6075
"ca","san joaquin",6077
"ca","san luis obispo",6079
"ca","san mateo",6081
"ca","santa barbara",6083
"ca","santa clara",6085
"ca","santa cruz",6087
"ca","shasta",6089
"ca","sierra",6091
"ca","siskiyou",6093
"ca","solano",6095
"ca","sonoma",6097
"ca","stanislaus",6099
"ca","sutter",6101
"ca","tehama",6103
"ca","trinity",6105
"ca","tulare",6107
"ca","tuolumne",6109
"ca","ventura",6111
"ca","yolo",6113
"ca","yuba",6115
"co","adams",8001
"co","alamosa",8003
"co","arapahoe",8005
"co","archuleta",8007
"co","baca",8009
"co","bent",8011
"co","boulder",8013
"co","broomfield",8014
"co","chaffee",8015
"co","cheyenne",8017
"co","clear creek",8019
"co","conejos",8021
"co","costilla",8023
"co","crowley",8025
"co","custer",8027
"co","delta",8029
"co","denver",8031
"co","dolores",8033
"co","douglas",8035
"co","eagle",8037
"co","elbert",8039
"co","el paso",8041
"co","fremont",8043
"co","garfield",8045
"co","gilpin",8047
"co","grand",8049
"co","gunnison",8051
"co","hinsdale",8053
"co","huerfano",8055
"co","jackson",8057
"co","jefferson",8059
"co","kiowa",8061
"co","kit carson",8063
"co","lake",8065
"co","la plata",8067
"co","larimer",8069
"co","las animas",8071
"co","lincoln",8073
"co","logan",8075
"co","mesa",8077
"co","mineral",8079
"co","moffat",8081
"co","montezuma",8083
"co","montrose",8085
"co","morgan",8087
"co","otero",8089
"co","ouray",8091
"co","park",8093
"co","phillips",8095
"co","pitkin",8097
"co","prowers",8099
"co","pueblo",8101
"co","rio blanco",8103
"co","rio grande",8105
"co","routt",8107
"co","saguache",8109
"co","san juan",8111
"co","san miguel",8113
"co","sedgwick",8115
"co","summit",8117
"co","teller",8119
"co","washington",8121
"co","weld",8123
"co","yuma",8125
"ct","fairfield",9001
"ct","hartford",9003
"ct","litchfield",9005
"ct","middlesex",9007
"ct","new haven",9009
"ct","new london",9011
"ct","tolland",9013
"ct","windham",9015
"de","kent",10001
"de","new castle",10003
"de","sussex",10005
"dc","washington",11001
"fl","alachua",12001
"fl","baker",12003
"fl","bay",12005
"fl","bradford",12007
"fl","brevard",12009
"fl","broward",12011
"fl","calhoun",12013
"fl","charlotte",12015
"fl","citrus",12017
"fl","clay",12019
"fl","collier",12021
"fl","columbia",12023
"fl","desoto",12027
"fl","dixie",12029
"fl","duval",12031
"fl","escambia",12033
"fl","flagler",12035
"fl","franklin",12037
"fl","gadsden",12039
"fl","gilchrist",12041
"fl","glades",12043
"fl","gulf",12045
"fl","hamilton",12047
"fl","hardee",12049
"fl","hendry",12051
"fl","hernando",12053
"fl","highlands",12055
"fl","hillsborough",12057
"fl","holmes",12059
"fl","indian river",12061
"fl","jackson",12063
"fl","jefferson",12065
"fl","lafayette",12067
"fl","lake",12069
"fl","lee",12071
"fl","leon",12073
"fl","levy",12075
"fl","liberty",12077
"fl","madison",12079
"fl","manatee",12081
"fl","marion",12083
"fl","martin",12085
"fl","miami-dade",12086
"fl","monroe",12087
"fl","nassau",12089
"fl","okaloosa",12091
"fl","okeechobee",12093
"fl","orange",12095
"fl","osceola",12097
"fl","palm beach",12099
"fl","pasco",12101
"fl","pinellas",12103
"fl","polk",12105
"fl","putnam",12107
"fl","st. johns",12109
"fl","st. lucie",12111
"fl","santa rosa",12113
"fl","sarasota",12115
"fl","seminole",12117
"fl","sumter",12119
"fl","suwannee",12121
"fl","taylor",12123
"fl","union",12125
"fl","volusia",12127
"fl","wakulla",12129
"fl","walton",12131
"fl","washington",12133
"ga","appling",13001
"ga","atkinson",13003
"ga","bacon",13005
"ga","baker",13007
"ga","baldwin",13009
"ga","banks",13011
"ga","barrow",13013
"ga","bartow",13015
"ga","ben hill",13017
"ga","berrien",13019
"ga","bibb",13021
"ga","bleckley",13023
"ga","brantley",13025
"ga","brooks",13027
"ga","bryan",13029
"ga","bulloch",13031
"ga","burke",13033
"ga","butts",13035
"ga","calhoun",13037
"ga","camden",13039
"ga","candler",13043
"ga","carroll",13045
"ga","catoosa",13047
"ga","charlton",13049
"ga","chatham",13051
"ga","chattahoochee",13053
"ga","chattooga",13055
"ga","cherokee",13057
"ga","clarke",13059
"ga","clay",13061
"ga","clayton",13063
"ga","clinch",13065
"ga","cobb",13067
"ga","coffee",13069
"ga","colquitt",13071
"ga","columbia",13073
"ga","cook",13075
"ga","coweta",13077
"ga","crawford",13079
"ga","crisp",13081
"ga","dade",13083
"ga","dawson",13085
"ga","decatur",13087
"ga","dekalb",13089
"ga","dodge",13091
"ga","dooly",13093
"ga","dougherty",13095
"ga","douglas",13097
"ga","early",13099
"ga","echols",13101
"ga","effingham",13103
"ga","elbert",13105
"ga","emanuel",13107
"ga","evans",13109
"ga","fannin",13111
"ga","fayette",13113
"ga","floyd",13115
"ga","forsyth",13117
"ga","franklin",13119
"ga","fulton",13121
"ga","gilmer",13123
"ga","glascock",13125
"ga","glynn",13127
"ga","gordon",13129
"ga","grady",13131
"ga","greene",13133
"ga","gwinnett",13135
"ga","habersham",13137
"ga","hall",13139
"ga","hancock",13141
"ga","haralson",13143
"ga","harris",13145
"ga","hart",13147
"ga","heard",13149
"ga","henry",13151
"ga","houston",13153
"ga","irwin",13155
"ga","jackson",13157
"ga","jasper",13159
"ga","jeff davis",13161
"ga","jefferson",13163
"ga","jenkins",13165
"ga","johnson",13167
"ga","jones",13169
"ga","lamar",13171
"ga","lanier",13173
"ga","laurens",13175
"ga","lee",13177
"ga","liberty",13179
"ga","lincoln",13181
"ga","long",13183
"ga","lowndes",13185
"ga","lumpkin",13187
"ga","mcduffie",13189
"ga","mcintosh",13191
"ga","macon",13193
"ga","madison",13195
"ga","marion",13197
"ga","meriwether",13199
"ga","miller",13201
"ga","mitchell",13205
"ga","monroe",13207
"ga","montgomery",13209
"ga","morgan",13211
"ga","murray",13213
"ga","muscogee",13215
"ga","newton",13217
"ga","oconee",13219
"ga","oglethorpe",13221
"ga","paulding",13223
"ga","peach",13225
"ga","pickens",13227
"ga","pierce",13229
"ga","pike",13231
"ga","polk",13233
"ga","pulaski",13235
"ga","putnam",13237
"ga","quitman",13239
"ga","rabun",13241
"ga","randolph",13243
"ga","richmond",13245
"ga","rockdale",13247
"ga","schley",13249
"ga","screven",13251
"ga","seminole",13253
"ga","spalding",13255
"ga","stephens",13257
"ga","stewart",13259
"ga","sumter",13261
"ga","talbot",13263
"ga","taliaferro",13265
"ga","tattnall",13267
"ga","taylor",13269
"ga","telfair",13271
"ga","terrell",13273
"ga","thomas",13275
"ga","tift",13277
"ga","toombs",13279
"ga","towns",13281
"ga","treutlen",13283
"ga","troup",13285
"ga","turner",13287
"ga","twiggs",13289
"ga","union",13291
"ga","upson",13293
"ga","walker",13295
"ga","walton",13297
"ga","ware",13299
"ga","warren",13301
"ga","washington",13303
"ga","wayne",13305
"ga","webster",13307
"ga","wheeler",13309
"ga","white",13311
"ga","whitfield",13313
"ga","wilcox",13315
"ga","wilkes",13317
"ga","wilkinson",13319
"ga","worth",13321
"hi","hawaii",15001
"hi","honolulu",15003
"hi","kalawao",15005
"hi","kauai",15007
"hi","maui",15009
"id","ada",16001
"id","adams",16003
"id","bannock",16005
"id","bear lake",16007
"id","benewah",16009
"id","bingham",16011
"id","blaine",16013
"id","boise",16015
"id","bonner",16017
"id","bonneville",16019
"id","boundary",16021
"id","butte",16023
"id","camas",16025
"id","canyon",16027
"id","caribou",16029
"id","cassia",16031
"id","clark",16033
"id","clearwater",16035
"id","custer",16037
"id","elmore",16039
"id","franklin",16041
"id","fremont",16043
"id","gem",16045
"id","gooding",16047
"id","idaho",16049
"id","jefferson",16051
"id","jerome",16053
"id","kootenai",16055
"id","latah",16057
"id","lemhi",16059
"id","lewis",16061
"id","lincoln",16063
"id","madison",16065
"id","minidoka",16067
"id","nez perce",16069
"id","oneida",16071
"id","owyhee",16073
"id","payette",16075
"id","power",16077
"id","shoshone",16079
"id","teton",16081
"id","twin falls",16083
"id","valley",16085
"id","washington",16087
"il","adams",17001
"il","alexander",17003
"il","bond",17005
"il","boone",17007
"il","brown",17009
"il","bureau",17011
"il","calhoun",17013
"il","carroll",17015
"il","cass",17017
"il","champaign",17019
"il","christian",17021
"il","clark",17023
"il","clay",17025
"il","clinton",17027
"il","coles",17029
"il","cook",17031
"il","crawford",17033
"il","cumberland",17035
"il","dekalb",17037
"il","de witt",17039
"il","douglas",17041
"il","dupage",17043
"il","edgar",17045
"il","edwards",17047
"il","effingham",17049
"il","fayette",17051
"il","ford",17053
"il","franklin",17055
"il","fulton",17057
"il","gallatin",17059
"il","greene",17061
"il","grundy",17063
"il","hamilton",17065
"il","hancock",17067
"il","hardin",17069
"il","henderson",17071
"il","henry",17073
"il","iroquois",17075
"il","jackson",17077
"il","jasper",17079
"il","jefferson",17081
"il","jersey",17083
"il","jo daviess",17085
"il","johnson",17087
"il","kane",17089
"il","kankakee",17091
"il","kendall",17093
"il","knox",17095
"il","lake",17097
"il","la salle",17099
"il","lawrence",17101
"il","lee",17103
"il","livingston",17105
"il","logan",17107
"il","mcdonough",17109
"il","mchenry",17111
"il","mclean",17113
"il","macon",17115
"il","macoupin",17117
"il","madison",17119
"il","marion",17121
"il","marshall",17123
"il","mason",17125
"il","massac",17127
"il","menard",17129
"il","mercer",17131
"il","monroe",17133
"il","montgomery",17135
"il","morgan",17137
"il","moultrie",17139
"il","ogle",17141
"il","peoria",17143
"il","perry",17145
"il","piatt",17147
"il","pike",17149
"il","pope",17151
"il","pulaski",17153
"il","putnam",17155
"il","randolph",17157
"il","richland",17159
"il","rock island",17161
"il","st. clair",17163
"il","saline",17165
"il","sangamon",17167
"il","schuyler",17169
"il","scott",17171
"il","shelby",17173
"il","stark",17175
"il","stephenson",17177
"il","tazewell",17179
"il","union",17181
"il","vermilion",17183
"il","wabash",17185
"il","warren",17187
"il","washington",17189
"il","wayne",17191
"il","white",17193
"il","whiteside",17195
"il","will",17197
"il","williamson",17199
"il","winnebago",17201
"il","woodford",17203
"in","adams",18001
"in","allen",18003
"in","bartholomew",18005
"in","benton",18007
"in","blackford",18009
"in","boone",18011
"in","brown",18013
"in","carroll",18015
"in","cass",18017
"in","clark",18019
"in","clay",18021
"in","clinton",18023
"in","crawford",18025
"in","daviess",18027
"in","dearborn",18029
"in","decatur",18031
"in","dekalb",18033
"in","delaware",18035
"in","dubois",18037
"in","elkhart",18039
"in","fayette",18041
"in","floyd",18043
"in","fountain",18045
"in","franklin",18047
"in","fulton",18049
"in","gibson",18051
"in","grant",18053
"in","greene",18055
"in","hamilton",18057
"in","hancock",18059
"in","harrison",18061
"in","hendricks",18063
"in","henry",18065
"in","howard",18067
"in","huntington",18069
"in","jackson",18071
"in","jasper",18073
"in","jay",18075
"in","jefferson",18077
"in","jennings",18079
"in","johnson",18081
"in","knox",18083
"in","kosciusko",18085
"in","lagrange",18087
"in","lake",18089
"in","laporte",18091
"in","lawrence",18093
"in","madison",18095
"in","marion",18097
"in","marshall",18099
"in","martin",18101
"in","miami",18103
"in","monroe",18105
"in","montgomery",18107
"in","morgan",18109
"in","newton",18111
"in","noble",18113
"in","ohio",18115
"in","orange",18117
"in","owen",18119
"in","parke",18121
"in","perry",18123
"in","pike",18125
"in","porter",18127
"in","posey",18129
"in","pulaski",18131
"in","putnam",18133
"in","randolph",18135
"in","ripley",18137
"in","rush",18139
"in","st. joseph",18141
"in","scott",18143
"in","shelby",18145
"in","spencer",18147
"in","starke",18149
"in","steuben",18151
"in","sullivan",18153
"in","switzerland",18155
"in","tippecanoe",18157
"in","tipton",18159
"in","union",18161
"in","vanderburgh",18163
"in","vermillion",18165
"in","vigo",18167
"in","wabash",18169
"in","warren",18171
"in","warrick",18173
"in","washington",18175
"in","wayne",18177
"in","wells",18179
"in","white",18181
"in","whitley",18183
"ia","adair",19001
"ia","adams",19003
"ia","allamakee",19005
"ia","appanoose",19007
"ia","audubon",19009
"ia","benton",19011
"ia","black hawk",19013
"ia","boone",19015
"ia","bremer",19017
"ia","buchanan",19019
"ia","buena vista",19021
"ia","butler",19023
"ia","calhoun",19025
"ia","carroll",19027
"ia","cass",19029
"ia","cedar",19031
"ia","cerro gordo",19033
"ia","cherokee",19035
"ia","chickasaw",19037
"ia","clarke",19039
"ia","clay",19041
"ia","clayton",19043
"ia","clinton",19045
"ia","crawford",19047
"ia","dallas",19049
"ia","davis",19051
"ia","decatur",19053
"ia","delaware",19055
"ia","des moines",19057
"ia","dickinson",19059
"ia","dubuque",19061
"ia","emmet",19063
"ia","fayette",19065
"ia","floyd",19067
"ia","franklin",19069
"ia","fremont",19071
"ia","greene",19073
"ia","grundy",19075
"ia","guthrie",19077
"ia","hamilton",19079
"ia","hancock",19081
"ia","hardin",19083
"ia","harrison",19085
"ia","henry",19087
"ia","howard",19089
"ia","humboldt",19091
"ia","ida",19093
"ia","iowa",19095
"ia","jackson",19097
"ia","jasper",19099
"ia","jefferson",19101
"ia","johnson",19103
"ia","jones",19105
"ia","keokuk",19107
"ia","kossuth",19109
"ia","lee",19111
"ia","linn",19113
"ia","louisa",19115
"ia","lucas",19117
"ia","lyon",19119
"ia","madison",19121
"ia","mahaska",19123
"ia","marion",19125
"ia","marshall",19127
"ia","mills",19129
"ia","mitchell",19131
"ia","monona",19133
"ia","monroe",19135
"ia","montgomery",19137
"ia","muscatine",19139
"ia","o'brien",19141
"ia","osceola",19143
"ia","page",19145
"ia","palo alto",19147
"ia","plymouth",19149
"ia","pocahontas",19151
"ia","polk",19153
"ia","pottawattamie",19155
"ia","poweshiek",19157
"ia","ringgold",19159
"ia","sac",19161
"ia","scott",19163
"ia","shelby",19165
"ia","sioux",19167
"ia","story",19169
"ia","tama",19171
"ia","taylor",19173
"ia","union",19175
"ia","van buren",19177
"ia","wapello",19179
"ia","warren",19181
"ia","washington",19183
"ia","wayne",19185
"ia","webster",19187
"ia","winnebago",19189
"ia","winneshiek",19191
"ia","woodbury",19193
"ia","worth",19195
"ia","wright",19197
"ks","allen",20001
"ks","anderson",20003
"ks","atchison",20005
"ks","barber",20007
"ks","barton",20009
"ks","bourbon",20011
"ks","brown",20013
"ks","butler",20015
"ks","chase",20017
"ks","chautauqua",20019
"ks","cherokee",20021
"ks","cheyenne",20023
"ks","clark",20025
"ks","clay",20027
"ks","cloud",20029
"ks","coffey",20031
"ks","comanche",20033
"ks","cowley",20035
"ks","crawford",20037
"ks","decatur",20039
"ks","dickinson",20041
"ks","doniphan",20043
"ks","douglas",20045
"ks","edwards",20047
"ks","elk",20049
"ks","ellis",20051
"ks","ellsworth",20053
"ks","finney",20055
"ks","ford",20057
"ks","franklin",20059
"ks","geary",20061
"ks","gove",20063
"ks","graham",20065
"ks","grant",20067
"ks","gray",20069
"ks","greeley",20071
"ks","greenwood",20073
"ks","hamilton",20075
"ks","harper",20077
"ks","harvey",20079
"ks","haskell",20081
"ks","hodgeman",20083
"ks","jackson",20085
"ks","jefferson",20087
"ks","jewell",20089
"ks","johnson",20091
"ks","kearny",20093
"ks","kingman",20095
"ks","kiowa",20097
"ks","labette",20099
"ks","lane",20101
"ks","leavenworth",20103
"ks","lincoln",20105
"ks","linn",20107
"ks","logan",20109
"ks","lyon",20111
"ks","mcpherson",20113
"ks","marion",20115
"ks","marshall",20117
"ks","meade",20119
"ks","miami",20121
"ks","mitchell",20123
"ks","montgomery",20125
"ks","morris",20127
"ks","morton",20129
"ks","nemaha",20131
"ks","neosho",20133
"ks","ness",20135
"ks","norton",20137
"ks","osage",20139
"ks","osborne",20141
"ks","ottawa",20143
"ks","pawnee",20145
"ks","phillips",20147
"ks","pottawatomie",20149
"ks","pratt",20151
"ks","rawlins",20153
"ks","reno",20155
"ks","republic",20157
"ks","rice",20159
"ks","riley",20161
"ks","rooks",20163
"ks","rush",20165
"ks","russell",20167
"ks","saline",20169
"ks","scott",20171
"ks","sedgwick",20173
"ks","seward",20175
"ks","shawnee",20177
"ks","sheridan",20179
"ks","sherman",20181
"ks","smith",20183
"ks","stafford",20185
"ks","stanton",20187
"ks","stevens",20189
"ks","sumner",20191
"ks","thomas",20193
"ks","trego",20195
"ks","wabaunsee",20197
"ks","wallace",20199
"ks","washington",20201
"ks","wichita",20203
"ks","wilson",20205
"ks","woodson",20207
"ks","wyandotte",20209
"ky","adair",21001
"ky","allen",21003
"ky","anderson",21005
"ky","ballard",21007
"ky","barren",21009
"ky","bath",21011
"ky","bell",21013
"ky","boone",21015
"ky","bourbon",21017
"ky","boyd",21019
"ky","boyle",21021
"ky","bracken",21023
"ky","breathitt",21025
"ky","breckinridge",21027
"ky","bullitt",21029
"ky","butler",21031
"ky","caldwell",21033
"ky","calloway",21035
"ky","campbell",21037
"ky","carlisle",21039
"ky","carroll",21041
"ky","carter",21043
"ky","casey",21045
"ky","christian",21047
"ky","clark",21049
"ky","clay",21051
"ky","clinton",21053
"ky","crittenden",21055
"ky","cumberland",21057
"ky","daviess",21059
"ky","edmonson",21061
"ky","elliott",21063
"ky","estill",21065
"ky","fayette",21067
"ky","fleming",21069
"ky","floyd",21071
"ky","franklin",21073
"ky","fulton",21075
"ky","gallatin",21077
"ky","garrard",21079
"ky","grant",21081
"ky","graves",21083
"ky","grayson",21085
"ky","green",21087
"ky","greenup",21089
"ky","hancock",21091
"ky","hardin",21093
"ky","harlan",21095
"ky","harrison",21097
"ky","hart",21099
"ky","henderson",21101
"ky","henry",21103
"ky","hickman",21105
"ky","hopkins",21107
"ky","jackson",21109
"ky","jefferson",21111
"ky","jessamine",21113
"ky","johnson",21115
"ky","kenton",21117
"ky","knott",21119
"ky","knox",21121
"ky","larue",21123
"ky","laurel",21125
"ky","lawrence",21127
"ky","lee",21129
"ky","leslie",21131
"ky","letcher",21133
"ky","lewis",21135
"ky","lincoln",21137
"ky","livingston",21139
"ky","logan",21141
"ky","lyon",21143
"ky","mccracken",21145
"ky","mccreary",21147
"ky","mclean",21149
"ky","madison",21151
"ky","magoffin",21153
"ky","marion",21155
"ky","marshall",21157
"ky","martin",21159
"ky","mason",21161
"ky","meade",21163
"ky","menifee",21165
"ky","mercer",21167
"ky","metcalfe",21169
"ky","monroe",21171
"ky","montgomery",21173
"ky","morgan",21175
"ky","muhlenberg",21177
"ky","nelson",21179
"ky","nicholas",21181
"ky","ohio",21183
"ky","oldham",21185
"ky","owen",21187
"ky","owsley",21189
"ky","pendleton",21191
"ky","perry",21193
"ky","pike",21195
"ky","powell",21197
"ky","pulaski",21199
"ky","robertson",21201
"ky","rockcastle",21203
"ky","rowan",21205
"ky","russell",21207
"ky","scott",21209
"ky","shelby",21211
"ky","simpson",21213
"ky","spencer",21215
"ky","taylor",21217
"ky","todd",21219
"ky","trigg",21221
"ky","trimble",21223
"ky","union",21225
"ky","warren",21227
"ky","washington",21229
"ky","wayne",21231
"ky","webster",21233
"ky","whitley",21235
"ky","wolfe",21237
"ky","woodford",21239
"la","acadia",22001
"la","allen",22003
"la","ascension",22005
"la","assumption",22007
"la","avoyelles",22009
"la","beauregard",22011
"la","bienville",22013
"la","bossier",22015
"la","caddo",22017
"la","calcasieu",22019
"la","caldwell",22021
"la","cameron",22023
"la","catahoula",22025
"la","claiborne",22027
"la","concordia",22029
"la","de soto",22031
"la","east baton rouge",22033
"la","east carroll",22035
"la","east feliciana",22037
"la","evangeline",22039
"la","franklin",22041
"la","grant",22043
"la","iberia",22045
"la","iberville",22047
"la","jackson",22049
"la","jefferson",22051
"la","jefferson davis",22053
"la","lafayette",22055
"la","lafourche",22057
"la","la salle",22059
"la","lincoln",22061
"la","livingston",22063
"la","madison",22065
"la","morehouse",22067
"la","natchitoches",22069
"la","orleans",22071
"la","ouachita",22073
"la","plaquemines",22075
"la","pointe coupee",22077
"la","rapides",22079
"la","red river",22081
"la","richland",22083
"la","sabine",22085
"la","st. bernard",22087
"la","st. charles",22089
"la","st. helena",22091
"la","st. james",22093
"la","st. john the baptist",22095
"la","st. landry",22097
"la","st. martin",22099
"la","st. mary",22101
"la","st. tammany",22103
"la","tangipahoa",22105
"la","tensas",22107
"la","terrebonne",22109
"la","union",22111
"la","vermilion",22113
"la","vernon",22115
"la","washington",22117
"la","webster",22119
"la","west baton rouge",22121
"la","west carroll",22123
"la","west feliciana",22125
"la","winn",22127
"me","androscoggin",23001
"me","aroostook",23003
"me","cumberland",23005
"me","franklin",23007
"me","hancock",23009
"me","kennebec",23011
"me","knox",23013
"me","lincoln",23015
"me","oxford",23017
"me","penobscot",23019
"me","piscataquis",23021
"me","sagadahoc",23023
"me","somerset",23025
"me","waldo",23027
"me","washington",23029
"me","york",23031
"md","allegany",24001
"md","anne arundel",24003
"md","baltimore county",24005
"md","calvert",24009
"md","caroline",24011
"md","carroll",24013
"md","cecil",24015
"md","charles",24017
"md","dorchester",24019
"md","frederick",24021
"md","garrett",24023
"md","harford",24025
"md","howard",24027
"md","kent",24029
"md","montgomery",24031
"md","prince george's",24033
"md","queen anne's",24035
"md","st. mary's",24037
"md","somerset",24039
"md","talbot",24041
"md","washington",24043
"md","wicomico",24045
"md","worcester",24047
"md","baltimore city",24510
"ma","barnstable",25001
"ma","berkshire",25003
"ma","bristol",25005
"ma","dukes",25007
"ma","essex",25009
"ma","franklin",25011
"ma","hampden",25013
"ma","hampshire",25015
"ma","middlesex",25017
"ma","nantucket",25019
"ma","norfolk",25021
"ma","plymouth",25023
"ma","suffolk",25025
"ma","worcester",25027
"mi","alcona",26001
"mi","alger",26003
"mi","allegan",26005
"mi","alpena",26007
"mi","antrim",26009
"mi","arenac",26011
"mi","baraga",26013
"mi","barry",26015
"mi","bay",26017
"mi","benzie",26019
"mi","berrien",26021
"mi","branch",26023
"mi","calhoun",26025
"mi","cass",26027
"mi","charlevoix",26029
"mi","cheboygan",26031
"mi","chippewa",26033
"mi","clare",26035
"mi","clinton",26037
"mi","crawford",26039
"mi","delta",26041
"mi","dickinson",26043
"mi","eaton",26045
"mi","emmet",26047
"mi","genesee",26049
"mi","gladwin",26051
"mi","gogebic",26053
"mi","grand traverse",26055
"mi","gratiot",26057
"mi","hillsdale",26059
"mi","houghton",26061
"mi","huron",26063
"mi","ingham",26065
"mi","ionia",26067
"mi","iosco",26069
"mi","iron",26071
"mi","isabella",26073
"mi","jackson",26075
"mi","kalamazoo",26077
"mi","kalkaska",26079
"mi","kent",26081
"mi","keweenaw",26083
"mi","lake",26085
"mi","lapeer",26087
"mi","leelanau",26089
"mi","lenawee",26091
"mi","livingston",26093
"mi","luce",26095
"mi","mackinac",26097
"mi","macomb",26099
"mi","manistee",26101
"mi","marquette",26103
"mi","mason",26105
"mi","mecosta",26107
"mi","menominee",26109
"mi","midland",26111
"mi","missaukee",26113
"mi","monroe",26115
"mi","montcalm",26117
"mi","montmorency",26119
"mi","muskegon",26121
"mi","newaygo",26123
"mi","oakland",26125
"mi","oceana",26127
"mi","ogemaw",26129
"mi","ontonagon",26131
"mi","osceola",26133
"mi","oscoda",26135
"mi","otsego",26137
"mi","ottawa",26139
"mi","presque isle",26141
"mi","roscommon",26143
"mi","saginaw",26145
"mi","st. clair",26147
"mi","st. joseph",26149
"mi","sanilac",26151
"mi","schoolcraft",26153
"mi","shiawassee",26155
"mi","tuscola",26157
"mi","van buren",26159
"mi","washtenaw",26161
"mi","wayne",26163
"mi","wexford",26165
"mn","aitkin",27001
"mn","anoka",27003
"mn","becker",27005
"mn","beltrami",27007
"mn","benton",27009
"mn","big stone",27011
"mn","blue earth",27013
"mn","brown",27015
"mn","carlton",27017
"mn","carver",27019
"mn","cass",27021
"mn","chippewa",27023
"mn","chisago",27025
"mn","clay",27027
"mn","clearwater",27029
"mn","cook",27031
"mn","cottonwood",27033
"mn","crow wing",27035
"mn","dakota",27037
"mn","dodge",27039
"mn","douglas",27041
"mn","faribault",27043
"mn","fillmore",27045
"mn","freeborn",27047
"mn","goodhue",27049
"mn","grant",27051
"mn","hennepin",27053
"mn","houston",27055
"mn","hubbard",27057
"mn","isanti",27059
"mn","itasca",27061
"mn","jackson",27063
"mn","kanabec",27065
"mn","kandiyohi",27067
"mn","kittson",27069
"mn","koochiching",27071
"mn","lac qui parle",27073
"mn","lake",27075
"mn","lake of the woods",27077
"mn","le sueur",27079
"mn","lincoln",27081
"mn","lyon",27083
"mn","mcleod",27085
"mn","mahnomen",27087
"mn","marshall",27089
"mn","martin",27091
"mn","meeker",27093
"mn","mille lacs",27095
"mn","morrison",27097
"mn","mower",27099
"mn","murray",27101
"mn","nicollet",27103
"mn","nobles",27105
"mn","norman",27107
"mn","olmsted",27109
"mn","otter tail",27111
"mn","pennington",27113
"mn","pine",27115
"mn","pipestone",27117
"mn","polk",27119
"mn","pope",27121
"mn","ramsey",27123
"mn","red lake",27125
"mn","redwood",27127
"mn","renville",27129
"mn","rice",27131
"mn","rock",27133
"mn","roseau",27135
"mn","st. louis",27137
"mn","scott",27139
"mn","sherburne",27141
"mn","sibley",27143
"mn","stearns",27145
"mn","steele",27147
"mn","stevens",27149
"mn","swift",27151
"mn","todd",27153
"mn","traverse",27155
"mn","wabasha",27157
"mn","wadena",27159
"mn","waseca",27161
"mn","washington",27163
"mn","watonwan",27165
"mn","wilkin",27167
"mn","winona",27169
"mn","wright",27171
"mn","yellow medicine",27173
"ms","adams",28001
"ms","alcorn",28003
"ms","amite",28005
"ms","attala",28007
"ms","benton",28009
"ms","bolivar",28011
"ms","calhoun",28013
"ms","carroll",28015
"ms","chickasaw",28017
"ms","choctaw",28019
"ms","claiborne",28021
"ms","clarke",28023
"ms","clay",28025
"ms","coahoma",28027
"ms","copiah",28029
"ms","covington",28031
"ms","desoto",28033
"ms","forrest",28035
"ms","franklin",28037
"ms","george",28039
"ms","greene",28041
"ms","grenada",28043
"ms","hancock",28045
"ms","harrison",28047
"ms","hinds",28049
"ms","holmes",28051
"ms","humphreys",28053
"ms","issaquena",28055
"ms","itawamba",28057
"ms","jackson",28059
"ms","jasper",28061
"ms","jefferson",28063
"ms","jefferson davis",28065
"ms","jones",28067
"ms","kemper",28069
"ms","lafayette",28071
"ms","lamar",28073
"ms","lauderdale",28075
"ms","lawrence",28077
"ms","leake",28079
"ms","lee",28081
"ms","leflore",28083
"ms","lincoln",28085
"ms","lowndes",28087
"ms","madison",28089
"ms","marion",28091
"ms","marshall",28093
"ms","monroe",28095
"ms","montgomery",28097
"ms","neshoba",28099
"ms","newton",28101
"ms","noxubee",28103
"ms","oktibbeha",28105
"ms","panola",28107
"ms","pearl river",28109
"ms","perry",28111
"ms","pike",28113
"ms","pontotoc",28115
"ms","prentiss",28117
"ms","quitman",28119
"ms","rankin",28121
"ms","scott",28123
"ms","sharkey",28125
"ms","simpson",28127
"ms","smith",28129
"ms","stone",28131
"ms","sunflower",28133
"ms","tallahatchie",28135
"ms","tate",28137
"ms","tippah",28139
"ms","tishomingo",28141
"ms","tunica",28143
"ms","union",28145
"ms","walthall",28147
"ms","warren",28149
"ms","washington",28151
"ms","wayne",28153
"ms","webster",28155
"ms","wilkinson",28157
"ms","winston",28159
"ms","yalobusha",28161
"ms","yazoo",28163
"mo","adair",29001
"mo","andrew",29003
"mo","atchison",29005
"mo","audrain",29007
"mo","barry",29009
"mo","barton",29011
"mo","bates",29013
"mo","benton",29015
"mo","bollinger",29017
"mo","boone",29019
"mo","buchanan",29021
"mo","butler",29023
"mo","caldwell",29025
"mo","callaway",29027
"mo","camden",29029
"mo","cape girardeau",29031
"mo","carroll",29033
"mo","carter",29035
"mo","cass",29037
"mo","cedar",29039
"mo","chariton",29041
"mo","christian",29043
"mo","clark",29045
"mo","clay",29047
"mo","clinton",29049
"mo","cole",29051
"mo","cooper",29053
"mo","crawford",29055
"mo","dade",29057
"mo","dallas",29059
"mo","daviess",29061
"mo","dekalb",29063
"mo","dent",29065
"mo","douglas",29067
"mo","dunklin",29069
"mo","franklin",29071
"mo","gasconade",29073
"mo","gentry",29075
"mo","greene",29077
"mo","grundy",29079
"mo","harrison",29081
"mo","henry",29083
"mo","hickory",29085
"mo","holt",29087
"mo","howard",29089
"mo","howell",29091
"mo","iron",29093
"mo","jackson",29095
"mo","jasper",29097
"mo","jefferson",29099
"mo","johnson",29101
"mo","knox",29103
"mo","laclede",29105
"mo","lafayette",29107
"mo","lawrence",29109
"mo","lewis",29111
"mo","lincoln",29113
"mo","linn",29115
"mo","livingston",29117
"mo","mcdonald",29119
"mo","macon",29121
"mo","madison",29123
"mo","maries",29125
"mo","marion",29127
"mo","mercer",29129
"mo","miller",29131
"mo","mississippi",29133
"mo","moniteau",29135
"mo","monroe",29137
"mo","montgomery",29139
"mo","morgan",29141
"mo","new madrid",29143
"mo","newton",29145
"mo","nodaway",29147
"mo","oregon",29149
"mo","osage",29151
"mo","ozark",29153
"mo","pemiscot",29155
"mo","perry",29157
"mo","pettis",29159
"mo","phelps",29161
"mo","pike",29163
"mo","platte",29165
"mo","polk",29167
"mo","pulaski",29169
"mo","putnam",29171
"mo","ralls",29173
"mo","randolph",29175
"mo","ray",29177
"mo","reynolds",29179
"mo","ripley",29181
"mo","st. charles",29183
"mo","st. clair",29185
"mo","sainte genevieve",29186
"mo","st. francois",29187
"mo","st. louis co.",29189
"mo","saline",29195
"mo","schuyler",29197
"mo","scotland",29199
"mo","scott",29201
"mo","shannon",29203
"mo","shelby",29205
"mo","stoddard",29207
"mo","stone",29209
"mo","sullivan",29211
"mo","taney",29213
"mo","texas",29215
"mo","vernon",29217
"mo","warren",29219
"mo","washington",29221
"mo","wayne",29223
"mo","webster",29225
"mo","worth",29227
"mo","wright",29229
"mo","st. louis",29510
"mt","beaverhead",30001
"mt","big horn",30003
"mt","blaine",30005
"mt","broadwater",30007
"mt","carbon",30009
"mt","carter",30011
"mt","cascade",30013
"mt","chouteau",30015
"mt","custer",30017
"mt","daniels",30019
"mt","dawson",30021
"mt","deer lodge",30023
"mt","fallon",30025
"mt","fergus",30027
"mt","flathead",30029
"mt","gallatin",30031
"mt","garfield",30033
"mt","glacier",30035
"mt","golden valley",30037
"mt","granite",30039
"mt","hill",30041
"mt","jefferson",30043
"mt","judith basin",30045
"mt","lake",30047
"mt","lewis and clark",30049
"mt","liberty",30051
"mt","lincoln",30053
"mt","mccone",30055
"mt","madison",30057
"mt","meagher",30059
"mt","mineral",30061
"mt","missoula",30063
"mt","musselshell",30065
"mt","park",30067
"mt","petroleum",30069
"mt","phillips",30071
"mt","pondera",30073
"mt","powder river",30075
"mt","powell",30077
"mt","prairie",30079
"mt","ravalli",30081
"mt","richland",30083
"mt","roosevelt",30085
"mt","rosebud",30087
"mt","sanders",30089
"mt","sheridan",30091
"mt","silver bow",30093
"mt","stillwater",30095
"mt","sweet grass",30097
"mt","teton",30099
"mt","toole",30101
"mt","treasure",30103
"mt","valley",30105
"mt","wheatland",30107
"mt","wibaux",30109
"mt","yellowstone",30111
"ne","adams",31001
"ne","antelope",31003
"ne","arthur",31005
"ne","banner",31007
"ne","blaine",31009
"ne","boone",31011
"ne","box butte",31013
"ne","boyd",31015
"ne","brown",31017
"ne","buffalo",31019
"ne","burt",31021
"ne","butler",31023
"ne","cass",31025
"ne","cedar",31027
"ne","chase",31029
"ne","cherry",31031
"ne","cheyenne",31033
"ne","clay",31035
"ne","colfax",31037
"ne","cuming",31039
"ne","custer",31041
"ne","dakota",31043
"ne","dawes",31045
"ne","dawson",31047
"ne","deuel",31049
"ne","dixon",31051
"ne","dodge",31053
"ne","douglas",31055
"ne","dundy",31057
"ne","fillmore",31059
"ne","franklin",31061
"ne","frontier",31063
"ne","furnas",31065
"ne","gage",31067
"ne","garden",31069
"ne","garfield",31071
"ne","gosper",31073
"ne","grant",31075
"ne","greeley",31077
"ne","hall",31079
"ne","hamilton",31081
"ne","harlan",31083
"ne","hayes",31085
"ne","hitchcock",31087
"ne","holt",31089
"ne","hooker",31091
"ne","howard",31093
"ne","jefferson",31095
"ne","johnson",31097
"ne","kearney",31099
"ne","keith",31101
"ne","keya paha",31103
"ne","kimball",31105
"ne","knox",31107
"ne","lancaster",31109
"ne","lincoln",31111
"ne","logan",31113
"ne","loup",31115
"ne","mcpherson",31117
"ne","madison",31119
"ne","merrick",31121
"ne","morrill",31123
"ne","nance",31125
"ne","nemaha",31127
"ne","nuckolls",31129
"ne","otoe",31131
"ne","pawnee",31133
"ne","perkins",31135
"ne","phelps",31137
"ne","pierce",31139
"ne","platte",31141
"ne","polk",31143
"ne","red willow",31145
"ne","richardson",31147
"ne","rock",31149
"ne","saline",31151
"ne","sarpy",31153
"ne","saunders",31155
"ne","scotts bluff",31157
"ne","seward",31159
"ne","sheridan",31161
"ne","sherman",31163
"ne","sioux",31165
"ne","stanton",31167
"ne","thayer",31169
"ne","thomas",31171
"ne","thurston",31173
"ne","valley",31175
"ne","washington",31177
"ne","wayne",31179
"ne","webster",31181
"ne","wheeler",31183
"ne","york",31185
"nv","churchill",32001
"nv","clark",32003
"nv","douglas",32005
"nv","elko",32007
"nv","esmeralda",32009
"nv","eureka",32011
"nv","humboldt",32013
"nv","lander",32015
"nv","lincoln",32017
"nv","lyon",32019
"nv","mineral",32021
"nv","nye",32023
"nv","pershing",32027
"nv","storey",32029
"nv","washoe",32031
"nv","white pine",32033
"nv","carson city",32510
"nh","belknap",33001
"nh","carroll",33003
"nh","cheshire",33005
"nh","coos",33007
"nh","grafton",33009
"nh","hillsborough",33011
"nh","merrimack",33013
"nh","rockingham",33015
"nh","strafford",33017
"nh","sullivan",33019
"nj","atlantic",34001
"nj","bergen",34003
"nj","burlington",34005
"nj","camden",34007
"nj","cape may",34009
"nj","cumberland",34011
"nj","essex",34013
"nj","gloucester",34015
"nj","hudson",34017
"nj","hunterdon",34019
"nj","mercer",34021
"nj","middlesex",34023
"nj","monmouth",34025
"nj","morris",34027
"nj","ocean",34029
"nj","passaic",34031
"nj","salem",34033
"nj","somerset",34035
"nj","sussex",34037
"nj","union",34039
"nj","warren",34041
"nm","bernalillo",35001
"nm","catron",35003
"nm","chaves",35005
"nm","cibola",35006
"nm","colfax",35007
"nm","curry",35009
"nm","de baca",35011
"nm","dona ana",35013
"nm","eddy",35015
"nm","grant",35017
"nm","guadalupe",35019
"nm","harding",35021
"nm","hidalgo",35023
"nm","lea",35025
"nm","lincoln",35027
"nm","los alamos",35028
"nm","luna",35029
"nm","mckinley",35031
"nm","mora",35033
"nm","otero",35035
"nm","quay",35037
"nm","rio arriba",35039
"nm","roosevelt",35041
"nm","sandoval",35043
"nm","san juan",35045
"nm","san miguel",35047
"nm","santa fe",35049
"nm","sierra",35051
"nm","socorro",35053
"nm","taos",35055
"nm","torrance",35057
"nm","union",35059
"nm","valencia",35061
"ny","albany",36001
"ny","allegany",36003
"ny","bronx",36005
"ny","broome",36007
"ny","cattaraugus",36009
"ny","cayuga",36011
"ny","chautauqua",36013
"ny","chemung",36015
"ny","chenango",36017
"ny","clinton",36019
"ny","columbia",36021
"ny","cortland",36023
"ny","delaware",36025
"ny","dutchess",36027
"ny","erie",36029
"ny","essex",36031
"ny","franklin",36033
"ny","fulton",36035
"ny","genesee",36037
"ny","greene",36039
"ny","hamilton",36041
"ny","herkimer",36043
"ny","jefferson",36045
"ny","kings",36047
"ny","lewis",36049
"ny","livingston",36051
"ny","madison",36053
"ny","monroe",36055
"ny","montgomery",36057
"ny","nassau",36059
"ny","new york",36061
"ny","niagara",36063
"ny","oneida",36065
"ny","onondaga",36067
"ny","ontario",36069
"ny","orange",36071
"ny","orleans",36073
"ny","oswego",36075
"ny","otsego",36077
"ny","putnam",36079
"ny","queens",36081
"ny","rensselaer",36083
"ny","richmond",36085
"ny","rockland",36087
"ny","st. lawrence",36089
"ny","saratoga",36091
"ny","schenectady",36093
"ny","schoharie",36095
"ny","schuyler",36097
"ny","seneca",36099
"ny","steuben",36101
"ny","suffolk",36103
"ny","sullivan",36105
"ny","tioga",36107
"ny","tompkins",36109
"ny","ulster",36111
"ny","warren",36113
"ny","washington",36115
"ny","wayne",36117
"ny","westchester",36119
"ny","wyoming",36121
"ny","yates",36123
"nc","alamance",37001
"nc","alexander",37003
"nc","alleghany",37005
"nc","anson",37007
"nc","ashe",37009
"nc","avery",37011
"nc","beaufort",37013
"nc","bertie",37015
"nc","bladen",37017
"nc","brunswick",37019
"nc","buncombe",37021
"nc","burke",37023
"nc","cabarrus",37025
"nc","caldwell",37027
"nc","camden",37029
"nc","carteret",37031
"nc","caswell",37033
"nc","catawba",37035
"nc","chatham",37037
"nc","cherokee",37039
"nc","chowan",37041
"nc","clay",37043
"nc","cleveland",37045
"nc","columbus",37047
"nc","craven",37049
"nc","cumberland",37051
"nc","currituck",37053
"nc","dare",37055
"nc","davidson",37057
"nc","davie",37059
"nc","duplin",37061
"nc","durham",37063
"nc","edgecombe",37065
"nc","forsyth",37067
"nc","franklin",37069
"nc","gaston",37071
"nc","gates",37073
"nc","graham",37075
"nc","granville",37077
"nc","greene",37079
"nc","guilford",37081
"nc","halifax",37083
"nc","harnett",37085
"nc","haywood",37087
"nc","henderson",37089
"nc","hertford",37091
"nc","hoke",37093
"nc","hyde",37095
"nc","iredell",37097
"nc","jackson",37099
"nc","johnston",37101
"nc","jones",37103
"nc","lee",37105
"nc","lenoir",37107
"nc","lincoln",37109
"nc","mcdowell",37111
"nc","macon",37113
"nc","madison",37115
"nc","martin",37117
"nc","mecklenburg",37119
"nc","mitchell",37121
"nc","montgomery",37123
"nc","moore",37125
"nc","nash",37127
"nc","new hanover",37129
"nc","northampton",37131
"nc","onslow",37133
"nc","orange",37135
"nc","pamlico",37137
"nc","pasquotank",37139
"nc","pender",37141
"nc","perquimans",37143
"nc","person",37145
"nc","pitt",37147
"nc","polk",37149
"nc","randolph",37151
"nc","richmond",37153
"nc","robeson",37155
"nc","rockingham",37157
"nc","rowan",37159
"nc","rutherford",37161
"nc","sampson",37163
"nc","scotland",37165
"nc","stanly",37167
"nc","stokes",37169
"nc","surry",37171
"nc","swain",37173
"nc","transylvania",37175
"nc","tyrrell",37177
"nc","union",37179
"nc","vance",37181
"nc","wake",37183
"nc","warren",37185
"nc","washington",37187
"nc","watauga",37189
"nc","wayne",37191
"nc","wilkes",37193
"nc","wilson",37195
"nc","yadkin",37197
"nc","yancey",37199
"nd","adams",38001
"nd","barnes",38003
"nd","benson",38005
"nd","billings",38007
"nd","bottineau",38009
"nd","bowman",38011
"nd","burke",38013
"nd","burleigh",38015
"nd","cass",38017
"nd","cavalier",38019
"nd","dickey",38021
"nd","divide",38023
"nd","dunn",38025
"nd","eddy",38027
"nd","emmons",38029
"nd","foster",38031
"nd","golden valley",38033
"nd","grand forks",38035
"nd","grant",38037
"nd","griggs",38039
"nd","hettinger",38041
"nd","kidder",38043
"nd","lamoure",38045
"nd","logan",38047
"nd","mchenry",38049
"nd","mcintosh",38051
"nd","mckenzie",38053
"nd","mclean",38055
"nd","mercer",38057
"nd","morton",38059
"nd","mountrail",38061
"nd","nelson",38063
"nd","oliver",38065
"nd","pembina",38067
"nd","pierce",38069
"nd","ramsey",38071
"nd","ransom",38073
"nd","renville",38075
"nd","richland",38077
"nd","rolette",38079
"nd","sargent",38081
"nd","sheridan",38083
"nd","sioux",38085
"nd","slope",38087
"nd","stark",38089
"nd","steele",38091
"nd","stutsman",38093
"nd","towner",38095
"nd","traill",38097
"nd","walsh",38099
"nd","ward",38101
"nd","wells",38103
"nd","williams",38105
"oh","adams",39001
"oh","allen",39003
"oh","ashland",39005
"oh","ashtabula",39007
"oh","athens",39009
"oh","auglaize",39011
"oh","belmont",39013
"oh","brown",39015
"oh","butler",39017
"oh","carroll",39019
"oh","champaign",39021
"oh","clark",39023
"oh","clermont",39025
"oh","clinton",39027
"oh","columbiana",39029
"oh","coshocton",39031
"oh","crawford",39033
"oh","cuyahoga",39035
"oh","darke",39037
"oh","defiance",39039
"oh","delaware",39041
"oh","erie",39043
"oh","fairfield",39045
"oh","fayette",39047
"oh","franklin",39049
"oh","fulton",39051
"oh","gallia",39053
"oh","geauga",39055
"oh","greene",39057
"oh","guernsey",39059
"oh","hamilton",39061
"oh","hancock",39063
"oh","hardin",39065
"oh","harrison",39067
"oh","henry",39069
"oh","highland",39071
"oh","hocking",39073
"oh","holmes",39075
"oh","huron",39077
"oh","jackson",39079
"oh","jefferson",39081
"oh","knox",39083
"oh","lake",39085
"oh","lawrence",39087
"oh","licking",39089
"oh","logan",39091
"oh","lorain",39093
"oh","lucas",39095
"oh","madison",39097
"oh","mahoning",39099
"oh","marion",39101
"oh","medina",39103
"oh","meigs",39105
"oh","mercer",39107
"oh","miami",39109
"oh","monroe",39111
"oh","montgomery",39113
"oh","morgan",39115
"oh","morrow",39117
"oh","muskingum",39119
"oh","noble",39121
"oh","ottawa",39123
"oh","paulding",39125
"oh","perry",39127
"oh","pickaway",39129
"oh","pike",39131
"oh","portage",39133
"oh","preble",39135
"oh","putnam",39137
"oh","richland",39139
"oh","ross",39141
"oh","sandusky",39143
"oh","scioto",39145
"oh","seneca",39147
"oh","shelby",39149
"oh","stark",39151
"oh","summit",39153
"oh","trumbull",39155
"oh","tuscarawas",39157
"oh","union",39159
"oh","van wert",39161
"oh","vinton",39163
"oh","warren",39165
"oh","washington",39167
"oh","wayne",39169
"oh","williams",39171
"oh","wood",39173
"oh","wyandot",39175
"ok","adair",40001
"ok","alfalfa",40003
"ok","atoka",40005
"ok","beaver",40007
"ok","beckham",40009
"ok","blaine",40011
"ok","bryan",40013
"ok","caddo",40015
"ok","canadian",40017
"ok","carter",40019
"ok","cherokee",40021
"ok","choctaw",40023
"ok","cimarron",40025
"ok","cleveland",40027
"ok","coal",40029
"ok","comanche",40031
"ok","cotton",40033
"ok","craig",40035
"ok","creek",40037
"ok","custer",40039
"ok","delaware",40041
"ok","dewey",40043
"ok","ellis",40045
"ok","garfield",40047
"ok","garvin",40049
"ok","grady",40051
"ok","grant",40053
"ok","greer",40055
"ok","harmon",40057
"ok","harper",40059
"ok","haskell",40061
"ok","hughes",40063
"ok","jackson",40065
"ok","jefferson",40067
"ok","johnston",40069
"ok","kay",40071
"ok","kingfisher",40073
"ok","kiowa",40075
"ok","latimer",40077
"ok","le flore",40079
"ok","lincoln",40081
"ok","logan",40083
"ok","love",40085
"ok","mcclain",40087
"ok","mccurtain",40089
"ok","mcintosh",40091
"ok","major",40093
"ok","marshall",40095
"ok","mayes",40097
"ok","murray",40099
"ok","muskogee",40101
"ok","noble",40103
"ok","nowata",40105
"ok","okfuskee",40107
"ok","oklahoma",40109
"ok","okmulgee",40111
"ok","osage",40113
"ok","ottawa",40115
"ok","pawnee",40117
"ok","payne",40119
"ok","pittsburg",40121
"ok","pontotoc",40123
"ok","pottawatomie",40125
"ok","pushmataha",40127
"ok","roger mills",40129
"ok","rogers",40131
"ok","seminole",40133
"ok","sequoyah",40135
"ok","stephens",40137
"ok","texas",40139
"ok","tillman",40141
"ok","tulsa",40143
"ok","wagoner",40145
"ok","washington",40147
"ok","washita",40149
"ok","woods",40151
"ok","woodward",40153
"or","baker",41001
"or","benton",41003
"or","clackamas",41005
"or","clatsop",41007
"or","columbia",41009
"or","coos",41011
"or","crook",41013
"or","curry",41015
"or","deschutes",41017
"or","douglas",41019
"or","gilliam",41021
"or","grant",41023
"or","harney",41025
"or","hood river",41027
"or","jackson",41029
"or","jefferson",41031
"or","josephine",41033
"or","klamath",41035
"or","lake",41037
"or","lane",41039
"or","lincoln",41041
"or","linn",41043
"or","malheur",41045
"or","marion",41047
"or","morrow",41049
"or","multnomah",41051
"or","polk",41053
"or","sherman",41055
"or","tillamook",41057
"or","umatilla",41059
"or","union",41061
"or","wallowa",41063
"or","wasco",41065
"or","washington",41067
"or","wheeler",41069
"or","yamhill",41071
"pa","adams",42001
"pa","allegheny",42003
"pa","armstrong",42005
"pa","beaver",42007
"pa","bedford",42009
"pa","berks",42011
"pa","blair",42013
"pa","bradford",42015
"pa","bucks",42017
"pa","butler",42019
"pa","cambria",42021
"pa","cameron",42023
"pa","carbon",42025
"pa","centre",42027
"pa","chester",42029
"pa","clarion",42031
"pa","clearfield",42033
"pa","clinton",42035
"pa","columbia",42037
"pa","crawford",42039
"pa","cumberland",42041
"pa","dauphin",42043
"pa","delaware",42045
"pa","elk",42047
"pa","erie",42049
"pa","fayette",42051
"pa","forest",42053
"pa","franklin",42055
"pa","fulton",42057
"pa","greene",42059
"pa","huntingdon",42061
"pa","indiana",42063
"pa","jefferson",42065
"pa","juniata",42067
"pa","lackawanna",42069
"pa","lancaster",42071
"pa","lawrence",42073
"pa","lebanon",42075
"pa","lehigh",42077
"pa","luzerne",42079
"pa","lycoming",42081
"pa","mckean",42083
"pa","mercer",42085
"pa","mifflin",42087
"pa","monroe",42089
"pa","montgomery",42091
"pa","montour",42093
"pa","northampton",42095
"pa","northumberland",42097
"pa","perry",42099
"pa","philadelphia",42101
"pa","pike",42103
"pa","potter",42105
"pa","schuylkill",42107
"pa","snyder",42109
"pa","somerset",42111
"pa","sullivan",42113
"pa","susquehanna",42115
"pa","tioga",42117
"pa","union",42119
"pa","venango",42121
"pa","warren",42123
"pa","washington",42125
"pa","wayne",42127
"pa","westmoreland",42129
"pa","wyoming",42131
"pa","york",42133
"ri","bristol",44001
"ri","kent",44003
"ri","newport",44005
"ri","providence",44007
"ri","washington",44009
"sc","abbeville",45001
"sc","aiken",45003
"sc","allendale",45005
"sc","anderson",45007
"sc","bamberg",45009
"sc","barnwell",45011
"sc","beaufort",45013
"sc","berkeley",45015
"sc","calhoun",45017
"sc","charleston",45019
"sc","cherokee",45021
"sc","chester",45023
"sc","chesterfield",45025
"sc","clarendon",45027
"sc","colleton",45029
"sc","darlington",45031
"sc","dillon",45033
"sc","dorchester",45035
"sc","edgefield",45037
"sc","fairfield",45039
"sc","florence",45041
"sc","georgetown",45043
"sc","greenville",45045
"sc","greenwood",45047
"sc","hampton",45049
"sc","horry",45051
"sc","jasper",45053
"sc","kershaw",45055
"sc","lancaster",45057
"sc","laurens",45059
"sc","lee",45061
"sc","lexington",45063
"sc","mccormick",45065
"sc","marion",45067
"sc","marlboro",45069
"sc","newberry",45071
"sc","oconee",45073
"sc","orangeburg",45075
"sc","pickens",45077
"sc","richland",45079
"sc","saluda",45081
"sc","spartanburg",45083
"sc","sumter",45085
"sc","union",45087
"sc","williamsburg",45089
"sc","york",45091
"sd","aurora",46003
"sd","beadle",46005
"sd","bennett",46007
"sd","bon homme",46009
"sd","brookings",46011
"sd","brown",46013
"sd","brule",46015
"sd","buffalo",46017
"sd","butte",46019
"sd","campbell",46021
"sd","charles mix",46023
"sd","clark",46025
"sd","clay",46027
"sd","codington",46029
"sd","corson",46031
"sd","custer",46033
"sd","davison",46035
"sd","day",46037
"sd","deuel",46039
"sd","dewey",46041
"sd","douglas",46043
"sd","edmunds",46045
"sd","fall river",46047
"sd","faulk",46049
"sd","grant",46051
"sd","gregory",46053
"sd","haakon",46055
"sd","hamlin",46057
"sd","hand",46059
"sd","hanson",46061
"sd","harding",46063
"sd","hughes",46065
"sd","hutchinson",46067
"sd","hyde",46069
"sd","jackson",46071
"sd","jerauld",46073
"sd","jones",46075
"sd","kingsbury",46077
"sd","lake",46079
"sd","lawrence",46081
"sd","lincoln",46083
"sd","lyman",46085
"sd","mccook",46087
"sd","mcpherson",46089
"sd","marshall",46091
"sd","meade",46093
"sd","mellette",46095
"sd","miner",46097
"sd","minnehaha",46099
"sd","moody",46101
"sd","pennington",46103
"sd","perkins",46105
"sd","potter",46107
"sd","roberts",46109
"sd","sanborn",46111
"sd","shannon",46113
"sd","spink",46115
"sd","stanley",46117
"sd","sully",46119
"sd","todd",46121
"sd","tripp",46123
"sd","turner",46125
"sd","union",46127
"sd","walworth",46129
"sd","yankton",46135
"sd","ziebach",46137
"tn","anderson",47001
"tn","bedford",47003
"tn","benton",47005
"tn","bledsoe",47007
"tn","blount",47009
"tn","bradley",47011
"tn","campbell",47013
"tn","cannon",47015
"tn","carroll",47017
"tn","carter",47019
"tn","cheatham",47021
"tn","chester",47023
"tn","claiborne",47025
"tn","clay",47027
"tn","cocke",47029
"tn","coffee",47031
"tn","crockett",47033
"tn","cumberland",47035
"tn","davidson",47037
"tn","decatur",47039
"tn","dekalb",47041
"tn","dickson",47043
"tn","dyer",47045
"tn","fayette",47047
"tn","fentress",47049
"tn","franklin",47051
"tn","gibson",47053
"tn","giles",47055
"tn","grainger",47057
"tn","greene",47059
"tn","grundy",47061
"tn","hamblen",47063
"tn","hamilton",47065
"tn","hancock",47067
"tn","hardeman",47069
"tn","hardin",47071
"tn","hawkins",47073
"tn","haywood",47075
"tn","henderson",47077
"tn","henry",47079
"tn","hickman",47081
"tn","houston",47083
"tn","humphreys",47085
"tn","jackson",47087
"tn","jefferson",47089
"tn","johnson",47091
"tn","knox",47093
"tn","lake",47095
"tn","lauderdale",47097
"tn","lawrence",47099
"tn","lewis",47101
"tn","lincoln",47103
"tn","loudon",47105
"tn","mcminn",47107
"tn","mcnairy",47109
"tn","macon",47111
"tn","madison",47113
"tn","marion",47115
"tn","marshall",47117
"tn","maury",47119
"tn","meigs",47121
"tn","monroe",47123
"tn","montgomery",47125
"tn","moore",47127
"tn","morgan",47129
"tn","obion",47131
"tn","overton",47133
"tn","perry",47135
"tn","pickett",47137
"tn","polk",47139
"tn","putnam",47141
"tn","rhea",47143
"tn","roane",47145
"tn","robertson",47147
"tn","rutherford",47149
"tn","scott",47151
"tn","sequatchie",47153
"tn","sevier",47155
"tn","shelby",47157
"tn","smith",47159
"tn","stewart",47161
"tn","sullivan",47163
"tn","sumner",47165
"tn","tipton",47167
"tn","trousdale",47169
"tn","unicoi",47171
"tn","union",47173
"tn","van buren",47175
"tn","warren",47177
"tn","washington",47179
"tn","wayne",47181
"tn","weakley",47183
"tn","white",47185
"tn","williamson",47187
"tn","wilson",47189
"tx","anderson",48001
"tx","andrews",48003
"tx","angelina",48005
"tx","aransas",48007
"tx","archer",48009
"tx","armstrong",48011
"tx","atascosa",48013
"tx","austin",48015
"tx","bailey",48017
"tx","bandera",48019
"tx","bastrop",48021
"tx","baylor",48023
"tx","bee",48025
"tx","bell",48027
"tx","bexar",48029
"tx","blanco",48031
"tx","borden",48033
"tx","bosque",48035
"tx","bowie",48037
"tx","brazoria",48039
"tx","brazos",48041
"tx","brewster",48043
"tx","briscoe",48045
"tx","brooks",48047
"tx","brown",48049
"tx","burleson",48051
"tx","burnet",48053
"tx","caldwell",48055
"tx","calhoun",48057
"tx","callahan",48059
"tx","cameron",48061
"tx","camp",48063
"tx","carson",48065
"tx","cass",48067
"tx","castro",48069
"tx","chambers",48071
"tx","cherokee",48073
"tx","childress",48075
"tx","clay",48077
"tx","cochran",48079
"tx","coke",48081
"tx","coleman",48083
"tx","collin",48085
"tx","collingsworth",48087
"tx","colorado",48089
"tx","comal",48091
"tx","comanche",48093
"tx","concho",48095
"tx","cooke",48097
"tx","coryell",48099
"tx","cottle",48101
"tx","crane",48103
"tx","crockett",48105
"tx","crosby",48107
"tx","culberson",48109
"tx","dallam",48111
"tx","dallas",48113
"tx","dawson",48115
"tx","deaf smith",48117
"tx","delta",48119
"tx","denton",48121
"tx","dewitt",48123
"tx","dickens",48125
"tx","dimmit",48127
"tx","donley",48129
"tx","duval",48131
"tx","eastland",48133
"tx","ector",48135
"tx","edwards",48137
"tx","ellis",48139
"tx","el paso",48141
"tx","erath",48143
"tx","falls",48145
"tx","fannin",48147
"tx","fayette",48149
"tx","fisher",48151
"tx","floyd",48153
"tx","foard",48155
"tx","fort bend",48157
"tx","franklin",48159
"tx","freestone",48161
"tx","frio",48163
"tx","gaines",48165
"tx","galveston",48167
"tx","garza",48169
"tx","gillespie",48171
"tx","glasscock",48173
"tx","goliad",48175
"tx","gonzales",48177
"tx","gray",48179
"tx","grayson",48181
"tx","gregg",48183
"tx","grimes",48185
"tx","guadalupe",48187
"tx","hale",48189
"tx","hall",48191
"tx","hamilton",48193
"tx","hansford",48195
"tx","hardeman",48197
"tx","hardin",48199
"tx","harris",48201
"tx","harrison",48203
"tx","hartley",48205
"tx","haskell",48207
"tx","hays",48209
"tx","hemphill",48211
"tx","henderson",48213
"tx","hidalgo",48215
"tx","hill",48217
"tx","hockley",48219
"tx","hood",48221
"tx","hopkins",48223
"tx","houston",48225
"tx","howard",48227
"tx","hudspeth",48229
"tx","hunt",48231
"tx","hutchinson",48233
"tx","irion",48235
"tx","jack",48237
"tx","jackson",48239
"tx","jasper",48241
"tx","jeff davis",48243
"tx","jefferson",48245
"tx","jim hogg",48247
"tx","jim wells",48249
"tx","johnson",48251
"tx","jones",48253
"tx","karnes",48255
"tx","kaufman",48257
"tx","kendall",48259
"tx","kenedy",48261
"tx","kent",48263
"tx","kerr",48265
"tx","kimble",48267
"tx","king",48269
"tx","kinney",48271
"tx","kleberg",48273
"tx","knox",48275
"tx","lamar",48277
"tx","lamb",48279
"tx","lampasas",48281
"tx","la salle",48283
"tx","lavaca",48285
"tx","lee",48287
"tx","leon",48289
"tx","liberty",48291
"tx","limestone",48293
"tx","lipscomb",48295
"tx","live oak",48297
"tx","llano",48299
"tx","loving",48301
"tx","lubbock",48303
"tx","lynn",48305
"tx","mcculloch",48307
"tx","mclennan",48309
"tx","mcmullen",48311
"tx","madison",48313
"tx","marion",48315
"tx","martin",48317
"tx","mason",48319
"tx","matagorda",48321
"tx","maverick",48323
"tx","medina",48325
"tx","menard",48327
"tx","midland",48329
"tx","milam",48331
"tx","mills",48333
"tx","mitchell",48335
"tx","montague",48337
"tx","montgomery",48339
"tx","moore",48341
"tx","morris",48343
"tx","motley",48345
"tx","nacogdoches",48347
"tx","navarro",48349
"tx","newton",48351
"tx","nolan",48353
"tx","nueces",48355
"tx","ochiltree",48357
"tx","oldham",48359
"tx","orange",48361
"tx","palo pinto",48363
"tx","panola",48365
"tx","parker",48367
"tx","parmer",48369
"tx","pecos",48371
"tx","polk",48373
"tx","potter",48375
"tx","presidio",48377
"tx","rains",48379
"tx","randall",48381
"tx","reagan",48383
"tx","real",48385
"tx","red river",48387
"tx","reeves",48389
"tx","refugio",48391
"tx","roberts",48393
"tx","robertson",48395
"tx","rockwall",48397
"tx","runnels",48399
"tx","rusk",48401
"tx","sabine",48403
"tx","san augustine",48405
"tx","san jacinto",48407
"tx","san patricio",48409
"tx","san saba",48411
"tx","schleicher",48413
"tx","scurry",48415
"tx","shackelford",48417
"tx","shelby",48419
"tx","sherman",48421
"tx","smith",48423
"tx","somervell",48425
"tx","starr",48427
"tx","stephens",48429
"tx","sterling",48431
"tx","stonewall",48433
"tx","sutton",48435
"tx","swisher",48437
"tx","tarrant",48439
"tx","taylor",48441
"tx","terrell",48443
"tx","terry",48445
"tx","throckmorton",48447
"tx","titus",48449
"tx","tom green",48451
"tx","travis",48453
"tx","trinity",48455
"tx","tyler",48457
"tx","upshur",48459
"tx","upton",48461
"tx","uvalde",48463
"tx","val verde",48465
"tx","van zandt",48467
"tx","victoria",48469
"tx","walker",48471
"tx","waller",48473
"tx","ward",48475
"tx","washington",48477
"tx","webb",48479
"tx","wharton",48481
"tx","wheeler",48483
"tx","wichita",48485
"tx","wilbarger",48487
"tx","willacy",48489
"tx","williamson",48491
"tx","wilson",48493
"tx","winkler",48495
"tx","wise",48497
"tx","wood",48499
"tx","yoakum",48501
"tx","young",48503
"tx","zapata",48505
"tx","zavala",48507
"ut","beaver",49001
"ut","box elder",49003
"ut","cache",49005
"ut","carbon",49007
"ut","daggett",49009
"ut","davis",49011
"ut","duchesne",49013
"ut","emery",49015
"ut","garfield",49017
"ut","grand",49019
"ut","iron",49021
"ut","juab",49023
"ut","kane",49025
"ut","millard",49027
"ut","morgan",49029
"ut","piute",49031
"ut","rich",49033
"ut","salt lake",49035
"ut","san juan",49037
"ut","sanpete",49039
"ut","sevier",49041
"ut","summit",49043
"ut","tooele",49045
"ut","uintah",49047
"ut","utah",49049
"ut","wasatch",49051
"ut","washington",49053
"ut","wayne",49055
"ut","weber",49057
"vt","addison",50001
"vt","bennington",50003
"vt","caledonia",50005
"vt","chittenden",50007
"vt","essex",50009
"vt","franklin",50011
"vt","grand isle",50013
"vt","lamoille",50015
"vt","orange",50017
"vt","orleans",50019
"vt","rutland",50021
"vt","washington",50023
"vt","windham",50025
"vt","windsor",50027
"va","accomack",51001
"va","albemarle",51003
"va","alleghany",51005
"va","amelia",51007
"va","amherst",51009
"va","appomattox",51011
"va","arlington",51013
"va","augusta",51015
"va","bath",51017
"va","bedford co.",51019
"va","bland",51021
"va","botetourt",51023
"va","brunswick",51025
"va","buchanan",51027
"va","buckingham",51029
"va","campbell",51031
"va","caroline",51033
"va","carroll",51035
"va","charles city",51036
"va","charlotte",51037
"va","chesterfield",51041
"va","clarke",51043
"va","craig",51045
"va","culpeper",51047
"va","cumberland",51049
"va","dickenson",51051
"va","dinwiddie",51053
"va","essex",51057
"va","fairfax co.",51059
"va","fauquier",51061
"va","floyd",51063
"va","fluvanna",51065
"va","franklin co.",51067
"va","frederick",51069
"va","giles",51071
"va","gloucester",51073
"va","goochland",51075
"va","grayson",51077
"va","greene",51079
"va","greensville",51081
"va","halifax",51083
"va","hanover",51085
"va","henrico",51087
"va","henry",51089
"va","highland",51091
"va","isle of wight",51093
"va","james city",51095
"va","king and queen",51097
"va","king george",51099
"va","king william",51101
"va","lancaster",51103
"va","lee",51105
"va","loudoun",51107
"va","louisa",51109
"va","lunenburg",51111
"va","madison",51113
"va","mathews",51115
"va","mecklenburg",51117
"va","middlesex",51119
"va","montgomery",51121
"va","nelson",51125
"va","new kent",51127
"va","northampton",51131
"va","northumberland",51133
"va","nottoway",51135
"va","orange",51137
"va","page",51139
"va","patrick",51141
"va","pittsylvania",51143
"va","powhatan",51145
"va","prince edward",51147
"va","prince george",51149
"va","prince william",51153
"va","pulaski",51155
"va","rappahannock",51157
"va","richmond co.",51159
"va","roanoke co.",51161
"va","rockbridge",51163
"va","rockingham",51165
"va","russell",51167
"va","scott",51169
"va","shenandoah",51171
"va","smyth",51173
"va","southampton",51175
"va","spotsylvania",51177
"va","stafford",51179
"va","surry",51181
"va","sussex",51183
"va","tazewell",51185
"va","warren",51187
"va","washington",51191
"va","westmoreland",51193
"va","wise",51195
"va","wythe",51197
"va","york",51199
"va","alexandria",51510
"va","bedford",51515
"va","bristol",51520
"va","buena vista",51530
"va","charlottesville",51540
"va","chesapeake",51550
"va","colonial heights",51570
"va","covington",51580
"va","danville",51590
"va","emporia",51595
"va","fairfax",51600
"va","falls church",51610
"va","franklin",51620
"va","fredericksburg",51630
"va","galax",51640
"va","hampton",51650
"va","harrisonburg",51660
"va","hopewell",51670
"va","lexington",51678
"va","lynchburg",51680
"va","manassas",51683
"va","manassas park",51685
"va","martinsville",51690
"va","newport news",51700
"va","norfolk",51710
"va","norton",51720
"va","petersburg",51730
"va","poquoson",51735
"va","portsmouth",51740
"va","radford",51750
"va","richmond",51760
"va","roanoke",51770
"va","salem",51775
"va","staunton",51790
"va","suffolk",51800
"va","virginia beach",51810
"va","waynesboro",51820
"va","williamsburg",51830
"va","winchester",51840
"wa","adams",53001
"wa","asotin",53003
"wa","benton",53005
"wa","chelan",53007
"wa","clallam",53009
"wa","clark",53011
"wa","columbia",53013
"wa","cowlitz",53015
"wa","douglas",53017
"wa","ferry",53019
"wa","franklin",53021
"wa","garfield",53023
"wa","grant",53025
"wa","grays harbor",53027
"wa","island",53029
"wa","jefferson",53031
"wa","king",53033
"wa","kitsap",53035
"wa","kittitas",53037
"wa","klickitat",53039
"wa","lewis",53041
"wa","lincoln",53043
"wa","mason",53045
"wa","okanogan",53047
"wa","pacific",53049
"wa","pend oreille",53051
"wa","pierce",53053
"wa","san juan",53055
"wa","skagit",53057
"wa","skamania",53059
"wa","snohomish",53061
"wa","spokane",53063
"wa","stevens",53065
"wa","thurston",53067
"wa","wahkiakum",53069
"wa","walla walla",53071
"wa","whatcom",53073
"wa","whitman",53075
"wa","yakima",53077
"wv","barbour",54001
"wv","berkeley",54003
"wv","boone",54005
"wv","braxton",54007
"wv","brooke",54009
"wv","cabell",54011
"wv","calhoun",54013
"wv","clay",54015
"wv","doddridge",54017
"wv","fayette",54019
"wv","gilmer",54021
"wv","grant",54023
"wv","greenbrier",54025
"wv","hampshire",54027
"wv","hancock",54029
"wv","hardy",54031
"wv","harrison",54033
"wv","jackson",54035
"wv","jefferson",54037
"wv","kanawha",54039
"wv","lewis",54041
"wv","lincoln",54043
"wv","logan",54045
"wv","mcdowell",54047
"wv","marion",54049
"wv","marshall",54051
"wv","mason",54053
"wv","mercer",54055
"wv","mineral",54057
"wv","mingo",54059
"wv","monongalia",54061
"wv","monroe",54063
"wv","morgan",54065
"wv","nicholas",54067
"wv","ohio",54069
"wv","pendleton",54071
"wv","pleasants",54073
"wv","pocahontas",54075
"wv","preston",54077
"wv","putnam",54079
"wv","raleigh",54081
"wv","randolph",54083
"wv","ritchie",54085
"wv","roane",54087
"wv","summers",54089
"wv","taylor",54091
"wv","tucker",54093
"wv","tyler",54095
"wv","upshur",54097
"wv","wayne",54099
"wv","webster",54101
"wv","wetzel",54103
"wv","wirt",54105
"wv","wood",54107
"wv","wyoming",54109
"wi","adams",55001
"wi","ashland",55003
"wi","barron",55005
"wi","bayfield",55007
"wi","brown",55009
"wi","buffalo",55011
"wi","burnett",55013
"wi","calumet",55015
"wi","chippewa",55017
"wi","clark",55019
"wi","columbia",55021
"wi","crawford",55023
"wi","dane",55025
"wi","dodge",55027
"wi","door",55029
"wi","douglas",55031
"wi","dunn",55033
"wi","eau claire",55035
"wi","florence",55037
"wi","fond du lac",55039
"wi","forest",55041
"wi","grant",55043
"wi","green",55045
"wi","green lake",55047
"wi","iowa",55049
"wi","iron",55051
"wi","jackson",55053
"wi","jefferson",55055
"wi","juneau",55057
"wi","kenosha",55059
"wi","kewaunee",55061
"wi","la crosse",55063
"wi","lafayette",55065
"wi","langlade",55067
"wi","lincoln",55069
"wi","manitowoc",55071
"wi","marathon",55073
"wi","marinette",55075
"wi","marquette",55077
"wi","menominee",55078
"wi","milwaukee",55079
"wi","monroe",55081
"wi","oconto",55083
"wi","oneida",55085
"wi","outagamie",55087
"wi","ozaukee",55089
"wi","pepin",55091
"wi","pierce",55093
"wi","polk",55095
"wi","portage",55097
"wi","price",55099
"wi","racine",55101
"wi","richland",55103
"wi","rock",55105
"wi","rusk",55107
"wi","st. croix",55109
"wi","sauk",55111
"wi","sawyer",55113
"wi","shawano",55115
"wi","sheboygan",55117
"wi","taylor",55119
"wi","trempealeau",55121
"wi","vernon",55123
"wi","vilas",55125
"wi","walworth",55127
"wi","washburn",55129
"wi","washington",55131
"wi","waukesha",55133
"wi","waupaca",55135
"wi","waushara",55137
"wi","winnebago",55139
"wi","wood",55141
"wy","albany",56001
"wy","big horn",56003
"wy","campbell",56005
"wy","carbon",56007
"wy","converse",56009
"wy","crook",56011
"wy","fremont",56013
"wy","goshen",56015
"wy","hot springs",56017
"wy","johnson",56019
"wy","laramie",56021
"wy","lincoln",56023
"wy","natrona",56025
"wy","niobrara",56027
"wy","park",56029
"wy","platte",56031
"wy","sheridan",56033
"wy","sublette",56035
"wy","sweetwater",56037
"wy","teton",56039
"wy","uinta",56041
"wy","washakie",56043
"wy","weston",56045
"as","eastern district",60010
"as","manu'a district",60020
"as","rose island",60030
"as","swains island",60040
"as","western district",60050
"gu","guam",66010
"mp","northern islands municipality",69085
"mp","rota municipality",69100
"mp","saipan municipality",69110
"mp","tinian municipality",69120
"pr","adjuntas municipio",72001
"pr","aguada municipio",72003
"pr","aguadilla municipio",72005
"pr","aguas buenas municipio",72007
"pr","aibonito municipio",72009
"pr","anasco municipio",72011
"pr","arecibo municipio",72013
"pr","arroyo municipio",72015
"pr","barceloneta municipio",72017
"pr","barranquitas municipio",72019
"pr","bayamon municipio",72021
"pr","cabo rojo municipio",72023
"pr","caguas municipio",72025
"pr","camuy municipio",72027
"pr","canovanas municipio",72029
"pr","carolina municipio",72031
"pr","catano municipio",72033
"pr","cayey municipio",72035
"pr","ceiba municipio",72037
"pr","ciales municipio",72039
"pr","cidra municipio",72041
"pr","coamo municipio",72043
"pr","comerio municipio",72045
"pr","corozal municipio",72047
"pr","culebra municipio",72049
"pr","dorado municipio",72051
"pr","fajardo municipio",72053
"pr","florida municipio",72054
"pr","guanica municipio",72055
"pr","guayama municipio",72057
"pr","guayanilla municipio",72059
"pr","guaynabo municipio",72061
"pr","gurabo municipio",72063
"pr","hatillo municipio",72065
"pr","hormigueros municipio",72067
"pr","humacao municipio",72069
"pr","isabela municipio",72071
"pr","jayuya municipio",72073
"pr","juana diaz municipio",72075
"pr","juncos municipio",72077
"pr","lajas municipio",72079
"pr","lares municipio",72081
"pr","las marias municipio",72083
"pr","las piedras municipio",72085
"pr","loiza municipio",72087
"pr","luquillo municipio",72089
"pr","manati municipio",72091
"pr","maricao municipio",72093
"pr","maunabo municipio",72095
"pr","mayaguez municipio",72097
"pr","moca municipio",72099
"pr","morovis municipio",72101
"pr","naguabo municipio",72103
"pr","naranjito municipio",72105
"pr","orocovis municipio",72107
"pr","patillas municipio",72109
"pr","penuelas municipio",72111
"pr","ponce municipio",72113
"pr","quebradillas municipio",72115
"pr","rincon municipio",72117
"pr","rio grande municipio",72119
"pr","sabana grande municipio",72121
"pr","salinas municipio",72123
"pr","san german municipio",72125
"pr","san juan municipio",72127
"pr","san lorenzo municipio",72129
"pr","san sebastian municipio",72131
"pr","santa isabel municipio",72133
"pr","toa alta municipio",72135
"pr","toa baja municipio",72137
"pr","trujillo alto municipio",72139
"pr","utuado municipio",72141
"pr","vega alta municipio",72143
"pr","vega baja municipio",72145
"pr","vieques municipio",72147
"pr","villalba municipio",72149
"pr","yabucoa municipio",72151
"pr","yauco municipio",72153
"um","midway islands",74300
"vi","st. croix island",78010
"vi","st. john island",78020
"vi","st. thomas island",78030
